{"posts":[{"id":1,"title":"你好，世界！","slug":"hello-world","description":"我的第一篇博客文章","publishedAt":"2025-07-14T07:03:24.417Z","tags":["技术","生活"],"author":{"name":"管理员","email":"819317636@qq.com"}},{"id":2,"title":"Next.js入门指南","slug":"getting-started-with-nextjs","description":"了解如何使用Next.js构建现代化Web应用","publishedAt":"2025-07-13T07:03:24.418Z","tags":["Web开发","React","Next.js"],"author":{"name":"管理员","email":"819317636@qq.com"}}]}